,feature_importance,feature_name
0,0.42983201747144884,A
1,0.2798917346051495,year_of_membership
3,0.22857917745247736,P_by_S
2,0.22687757324760477,P_tim_popularity
4,0.22085642423145183,total_meetings
6,0.21506102179040198,1-2-1
7,0.20413067365269838,chapter_size
5,0.1986287178163048,RGO
