,feature_importance,feature_name
0,0.2809058306207886,P_tim_TYFCB
1,0.24446988160000466,P_tim_retention
3,0.23913324992691154,P_tim_growth
2,0.23549103785229522,P_tim_popularity
