,feature_importance,feature_name
0,0.4451155943714532,A
1,0.30027034277670833,year_of_membership
5,0.27501811526899517,1-2-1
3,0.23921529627519728,P_tim_popularity
4,0.23556548320866483,total_meetings
6,0.21669455516798505,chapter_size
2,0.2162964178005002,P_by_S
