,feature_importance,feature_name
0,1.4011815533856795,P2
1,1.0731942619700745,P_tim_TYFCB
2,1.025237383984619,RGI
