,feature_importance,feature_name
0,0.4774473265263293,A
1,0.3680004395914054,year_of_membership
2,0.29270704033069384,1-2-1
