,feature_importance,feature_name
0,0.29879847212960975,P_tim_TYFCB
2,0.27555494538765923,P_tim_retention
1,0.24470319341173388,P_tim_popularity
3,0.1809433890709971,RRO
