,feature_importance,feature_name
0,0.4634123683085728,A
1,0.2932632991233316,year_of_membership
2,0.2833020458541783,1-2-1
3,0.2520377644444183,P_tim_popularity
4,0.22319752836360807,total_meetings
5,0.20440256187261427,chapter_size
