,feature_importance,feature_name
0,1.7935844112681794,P2
1,1.222393909700268,P_tim_TYFCB
3,1.1814025299540227,RGI
4,1.122954759992195,year_of_membership
2,1.1003916945156418,1-2-1
