,feature_importance,feature_name
1,26.420934829023878,P_tim_popularity
0,25.538601007623985,P_tim_retention
2,25.05526841441106,P_tim_TYFCB
3,22.98519574894108,P_by_A
