,feature_importance,feature_name
0,1.6287051325325343,P2
1,1.1217568655240184,P_tim_TYFCB
2,1.0988420122627982,RGI
3,1.0581138308373776,year_of_membership
