,feature_importance,feature_name
0,0.36283966713116683,P_tim_TYFCB
1,0.3241478843878282,P_tim_retention
2,0.313012448481005,P_tim_growth
