,feature_importance,feature_name
0,0.4513577715353947,A
1,0.3162452781959756,year_of_membership
2,0.3015284492007912,1-2-1
4,0.22196555615133967,total_meetings
3,0.22113617610296543,P_tim_popularity
