,feature_importance,feature_name
0,0.4717026947991658,A
1,0.32036015322276123,year_of_membership
2,0.29033751334065805,1-2-1
3,0.23173577365019285,total_meetings
