,training_time [s],accuracy,precision,recall,f1,auc
logistic_regression,0.01,0.7312072892938497,0.6075949367088608,0.35555555555555557,0.4485981308411215,0.7096734892787525
knn,0.0,0.6697038724373576,0.45098039215686275,0.34074074074074073,0.3881856540084388,0.6222222222222222
decision_tree,0.02,0.5968109339407744,0.37790697674418605,0.48148148148148145,0.4234527687296417,0.5647538986354775
random_forest,0.49,0.7129840546697038,0.5529411764705883,0.34814814814814815,0.4272727272727273,0.7085891812865497
AdaBoost,0.2,0.7175398633257403,0.5679012345679012,0.34074074074074073,0.42592592592592593,0.6833942495126706
XGBoost,0.17,0.7038724373576309,0.5238095238095238,0.4074074074074074,0.4583333333333333,0.6807992202729045
CatBoost,35.78,0.7129840546697038,0.5818181818181818,0.23703703703703705,0.3368421052631579,0.7180311890838207
