,training_time [s],accuracy,precision,recall,f1,auc
logistic_regression,0.01,0.7289293849658315,0.6666666666666666,0.23703703703703705,0.34972677595628415,0.6952729044834307
knn,0.01,0.6651480637813212,0.4142857142857143,0.21481481481481482,0.28292682926829266,0.5914351851851852
decision_tree,0.01,0.6355353075170843,0.4074074074074074,0.4074074074074074,0.4074074074074074,0.5721247563352827
random_forest,0.28,0.7175398633257403,0.6,0.24444444444444444,0.3473684210526316,0.6742811890838207
AdaBoost,0.11,0.7266514806378133,0.6119402985074627,0.3037037037037037,0.4059405940594059,0.6946515594541911
XGBoost,0.1,0.7038724373576309,0.5324675324675324,0.3037037037037037,0.38679245283018865,0.647319688109162
CatBoost,25.83,0.7198177676537585,0.625,0.2222222222222222,0.3278688524590164,0.6946637426900585
