,training_time [s],accuracy,precision,recall,f1,auc
logistic_regression,0.01,0.7289293849658315,0.6666666666666666,0.23703703703703705,0.34972677595628415,0.6952729044834307
naive_bayes,0.0,0.6947608200455581,0.504,0.4666666666666667,0.4846153846153846,0.6846856725146198
knn,0.02,0.6651480637813212,0.4142857142857143,0.21481481481481482,0.28292682926829266,0.5914351851851852
decision_tree,0.01,0.6514806378132119,0.43283582089552236,0.42962962962962964,0.4312267657992565,0.5898148148148148
random_forest,0.28,0.7107061503416856,0.5606060606060606,0.2740740740740741,0.36815920398009944,0.6580531189083821
AdaBoost,0.11,0.7266514806378133,0.6119402985074627,0.3037037037037037,0.4059405940594059,0.6946515594541911
XGBoost,0.13,0.7038724373576309,0.5324675324675324,0.3037037037037037,0.38679245283018865,0.647319688109162
CatBoost,24.85,0.7198177676537585,0.625,0.2222222222222222,0.3278688524590164,0.6946637426900585
