,training_time [s],accuracy,precision,recall,f1,auc
logistic_regression,0.07,0.7129840546697038,1.0,0.06666666666666667,0.125,0.698879142300195
random_forest,112.73,0.7198177676537585,0.5833333333333334,0.3111111111111111,0.4057971014492754,0.6942982456140352
XGBoost,538.03,0.7220956719817767,0.5656565656565656,0.4148148148148148,0.4786324786324786,0.7065302144249513
CatBoost,330.69,0.7129840546697038,0.5789473684210527,0.24444444444444444,0.34375,0.6661793372319689
