,training_time [s],accuracy,precision,recall,f1,auc
logistic_regression,0.0,0.7289293849658315,0.5930232558139535,0.37777777777777777,0.4615384615384615,0.6980263157894738
random_forest,0.3,0.715261958997722,0.5555555555555556,0.37037037037037035,0.4444444444444445,0.6784722222222221
XGBoost,0.1,0.6810933940774487,0.48031496062992124,0.45185185185185184,0.46564885496183206,0.6704191033138402
CatBoost,28.21,0.7084282460136674,0.5522388059701493,0.2740740740740741,0.36633663366336633,0.6659600389863547
