,training_time [s],accuracy,precision,recall,f1,auc
logistic_regression,2.04,0.7084282460136674,1.0,0.05185185185185185,0.09859154929577466,0.7022660818713451
naive_bayes,0.0,0.43507972665148065,0.33134328358208953,0.8222222222222222,0.47234042553191485,0.6568713450292398
knn,4.11,0.7015945330296127,0.5294117647058824,0.26666666666666666,0.354679802955665,0.660916179337232
decision_tree,5.56,0.7175398633257403,0.6170212765957447,0.21481481481481482,0.31868131868131866,0.6493664717348928
random_forest,58.89,0.7289293849658315,0.6176470588235294,0.3111111111111111,0.41379310344827586,0.6905945419103313
AdaBoost,5.17,0.7061503416856492,0.5340909090909091,0.34814814814814815,0.42152466367713004,0.6800682261208577
XGBoost,397.57,0.7198177676537585,0.75,0.13333333333333333,0.22641509433962267,0.707285575048733
CatBoost,360.07,0.7038724373576309,0.5301204819277109,0.32592592592592595,0.4036697247706422,0.6358187134502924
