,training_time [s],accuracy,precision,recall,f1,auc
logistic_regression,0.02,0.7289293849658315,0.5888888888888889,0.3925925925925926,0.4711111111111111,0.702729044834308
knn,0.0,0.6560364464692483,0.42592592592592593,0.34074074074074073,0.3786008230452675,0.6223806042884991
decision_tree,0.02,0.6013667425968109,0.38764044943820225,0.5111111111111111,0.44089456869009586,0.5762792397660819
random_forest,0.35,0.724373576309795,0.5760869565217391,0.3925925925925926,0.4669603524229075,0.6851364522417153
AdaBoost,0.17,0.7107061503416856,0.5363636363636364,0.43703703703703706,0.4816326530612245,0.6704434697855751
XGBoost,0.13,0.7107061503416856,0.5370370370370371,0.42962962962962964,0.4773662551440329,0.6875730994152047
CatBoost,27.99,0.7403189066059226,0.6779661016949152,0.2962962962962963,0.41237113402061853,0.7162768031189084
