,training_time [s],accuracy,precision,recall,f1,auc
logistic_regression,0.1,0.7289293849658315,0.6904761904761905,0.21481481481481482,0.3276836158192091,0.6912037037037037
naive_bayes,0.0,0.6309794988610479,0.4372093023255814,0.6962962962962963,0.5371428571428571,0.6724415204678362
knn,0.01,0.6400911161731208,0.35443037974683544,0.2074074074074074,0.26168224299065423,0.5340277777777778
decision_tree,0.02,0.6400911161731208,0.41353383458646614,0.4074074074074074,0.41044776119402987,0.5754142300194932
random_forest,0.26,0.7334851936218679,0.6730769230769231,0.25925925925925924,0.374331550802139,0.6658991228070176
AdaBoost,0.11,0.7266514806378133,0.6119402985074627,0.3037037037037037,0.4059405940594059,0.6946515594541911
XGBoost,0.11,0.7038724373576309,0.5324675324675324,0.3037037037037037,0.38679245283018865,0.6467836257309941
CatBoost,25.68,0.7198177676537585,0.625,0.2222222222222222,0.3278688524590164,0.6946881091617934
