,training_time [s],accuracy,precision,recall,f1,auc
logistic_regression,0.0,0.7312072892938497,0.5977011494252874,0.3851851851851852,0.46846846846846846,0.7000487329434697
naive_bayes,0.0,0.43507972665148065,0.33134328358208953,0.8222222222222222,0.47234042553191485,0.6568713450292398
knn,0.0,0.6879271070615034,0.49056603773584906,0.3851851851851852,0.43153526970954353,0.6422392787524367
decision_tree,0.01,0.6355353075170843,0.42138364779874216,0.4962962962962963,0.4557823129251701,0.5968323586744639
random_forest,0.28,0.7198177676537585,0.5666666666666667,0.37777777777777777,0.4533333333333333,0.6888157894736842
AdaBoost,0.16,0.7107061503416856,0.5363636363636364,0.43703703703703706,0.4816326530612245,0.6704434697855751
XGBoost,0.09,0.6765375854214123,0.4715447154471545,0.42962962962962964,0.44961240310077516,0.662938596491228
CatBoost,28.95,0.7061503416856492,0.5454545454545454,0.26666666666666666,0.35820895522388063,0.667738791423002
