,training_time [s],accuracy,precision,recall,f1,auc
logistic_regression,0.02,0.7289293849658315,0.5888888888888889,0.3925925925925926,0.4711111111111111,0.702729044834308
naive_bayes,0.0,0.6742596810933941,0.4759036144578313,0.5851851851851851,0.5249169435215946,0.689108187134503
knn,0.0,0.6560364464692483,0.42592592592592593,0.34074074074074073,0.3786008230452675,0.6223806042884991
decision_tree,0.02,0.6150341685649203,0.39634146341463417,0.48148148148148145,0.43478260869565216,0.5779117933723197
random_forest,0.33,0.724373576309795,0.5795454545454546,0.37777777777777777,0.4573991031390135,0.7052509746588694
AdaBoost,0.17,0.7107061503416856,0.5363636363636364,0.43703703703703706,0.4816326530612245,0.6763888888888889
XGBoost,0.16,0.7107061503416856,0.5370370370370371,0.42962962962962964,0.4773662551440329,0.6875730994152047
CatBoost,27.48,0.7403189066059226,0.6779661016949152,0.2962962962962963,0.41237113402061853,0.7162524366471733
